sep=,
AHP priorities,"2024.06.27 00:22:05"
5
"HOME","WORK","EDUCATION","ENTERTAIMENT","ONTHEGO"
1.000000,0.333333,0.250000,0.200000,0.500000
3.000000,1.000000,0.500000,0.500000,3.000000
4.000000,2.000000,1.000000,0.500000,3.000000
5.000000,2.000000,2.000000,1.000000,4.000000
2.000000,0.333333,0.333333,0.250000,1.000000
0.061861,0.191652,0.267520,0.387894,0.091074
5.104003,0.023121
